0,101,68.76,30.715,71.8,26.335,71.53,27.633,69.349,29.788,70.876,28.049,70.02,28.431,72.097,26.393,70.454,28.699,69.712,28.775,70.531,28.861
0,102,70.253,28.193,72.052,24.104,72.524,25.244,71.139,26.279,68.174,28.844,69.987,27.3,71.82,25.091,68.599,29.32,69.945,27.558,69.897,28.484
0,103,72.647,26.441,74.868,22.7,75.051,24.027,73.645,24.742,75.303,23.243,72.716,25.174,74.053,23.375,72.222,26.404,71.102,25.997,72.597,26.52
0,104,62.969,36.603,62.944,35.267,62.956,36.266,60.755,38.639,63.641,35.743,62.699,37.063,64.045,34.289,62.224,37.778,63.535,35.223,65.528,34.023
0,105,71.657,27.505,73.032,23.883,74.117,25.026,72.975,25.844,75.751,23.031,71.403,26.079,74.924,23.621,72.701,26.173,71.377,26.677,71.988,27.32
0,106,68.068,31.516,68.841,29.352,69.154,29.958,68.533,30.94,68.289,30.992,68.624,30.819,70.318,28.26,68.443,31.479,69.688,29.775,70.728,28.994
1,107,78.879,20.312,80.759,16.949,81.729,16.224,81.167,17.3,81.394,16.798,79.541,18.265,81.477,16.759,78.082,20.474,78.422,19.897,79.607,19.439
0,200,69.774,30.172,74.205,25.74,76.694,23.763,77.103,22.27,76.285,23.862,72.214,27.089,75.568,22.433,73.594,24.655,73.171,26.223,72.992,26.306
1,401,69.748,29.913,69.415,30.271,71.243,28.35,70.597,29.191,72.846,26.486,70.308,29.062,72.251,26.116,70.375,28.117,70.996,28.575,71.014,28.005
1,402,72.899,26.416,76.894,21.698,78.135,21.016,77.317,21.435,78.755,20.107,77.233,20.837,79.241,19.374,76.324,22.249,77.018,21.382,76.859,21.856
1,403,73.732,25.828,76.669,22.048,79.285,20.055,78.222,20.88,77.793,21.035,76.704,21.582,79.036,19.647,76.279,21.332,77.253,21.511,76.224,22.434
0,404,67.247,31.233,70.131,27.294,70.868,27.637,70.568,26.937,73.362,24.246,70.059,26.823,73.267,24.489,69.469,27.986,70.624,26.087,68.834,28.907
0,405,66.234,33.306,70.086,28.161,71.289,27.405,70.611,28.002,71,27.935,72.357,26.772,74.702,23.42,68.417,30.877,71.31,28.009,71.328,27.764
0,406,67.481,32.15,70.704,26.484,72.113,26.556,71.654,27.118,71.651,27.396,73.466,25.592,74.829,23.231,71.279,27.802,73.16,26.28,71.947,27.224
1,407,73.954,25.443,78.421,20.139,81.24,17.979,79.176,18.534,81.731,16.739,77.773,19.586,80.895,17.6,78.856,19.163,77.777,20.099,78.474,19.874
0,408,69.544,29.87,74.946,23.104,73.907,24.984,74.828,23.656,76.416,22.343,74.15,24.248,76.392,21.767,73.683,24.606,73.937,24.795,72.176,26.597
1,409,72.635,26.806,78.204,20.052,78.875,20.158,78.882,19.738,80.366,18.332,78.177,19.466,80.827,17.689,77.582,20.627,78.086,20.146,77.381,21.128
0,501,72.386,27.486,74.999,24.202,73.398,26.426,73.298,25.561,74.393,24.964,69.63,29.316,73.262,26.741,69.852,29.437,70.537,29.289,71.159,26.819
0,502,75.812,23.728,80.035,18.708,77.825,21.342,79.233,19.163,79.735,19.149,75.406,22.689,80.728,18.975,75.397,23.351,76.917,21.347,76.309,22.466
0,503,69.101,30.757,75.22,23.4,72.066,26.982,70.255,28.191,71.256,27.976,69.755,29.59,74.832,24.525,68.638,30.776,70.318,29.047,70.475,28.644
0,504,70.906,29.035,71.845,27.258,70.403,29.015,70.409,28.482,70.298,29.169,68.744,30.616,73.512,26.375,69.077,30.317,70.444,29.138,69.37,29.881
0,601,69.597,29.427,72.353,25.192,72.237,26.117,71.127,26.852,71.864,26.372,73.243,25.641,75.357,22.737,70.378,28.478,72.695,25.766,72.86,25.929
1,602,75.703,22.65,81.52,16.501,83.201,14.819,82.674,14.752,84.995,13.303,81.774,15.458,84.248,14.46,81.338,17.152,81.871,16.774,82.037,16.901
1,603,73.414,25.666,77.248,20.673,79.285,19.418,78.239,19.983,79.662,18.472,78.417,19.948,80.268,18.314,77.179,21.369,77.777,20.736,78.437,20.269
0,604,73.535,25.41,77.665,20.268,76.471,21.42,77.266,20.866,78.244,18.955,77.493,20.526,79.579,19.021,74.586,23.125,76.458,21.767,75.938,22.877
1,605,77.058,22.065,81.619,16.156,82.859,15.672,82.079,16.236,83.486,14.79,82.108,16.085,83.368,15.09,79.444,19.143,81.445,17.517,80.23,18.743
1,606,76.208,22.06,79.193,17.88,81.558,15.509,80.553,16.898,82.322,14.826,81.171,16.664,81.936,15.892,78.267,19.694,79.504,18.354,80.277,17.846
1,607,75.985,22.991,79.504,18.178,80.256,18.288,78.446,19.783,81.316,16.919,79.939,18.117,82.874,15.747,78.376,20.042,80.617,17.411,80.154,18.417
0,608,71.168,27.918,73.853,24.393,74.239,24.561,72.955,24.482,75.414,22.99,74.939,23.682,76.59,21.994,73.36,25.391,73.11,25.457,74.071,24.786
1,609,76.54,22.364,78.062,19.043,80.877,17.882,79.745,18.476,81.424,16.804,79.862,18.305,81.589,17.025,77.723,20.846,78.676,19.457,79.038,19.682
1,610,68.715,29.554,71.063,24.333,75.22,22.089,73.967,22.316,74.172,22.609,76.268,21.158,77.188,20.279,71.764,26.306,73.531,24.629,74.555,23.492
1,611,79.018,20.117,82.953,15.256,84.924,13.937,83.881,13.732,86.762,11.676,83.795,14.579,85.665,13.181,83.547,14.948,83.216,15.077,84.02,14.994
1,612,81.455,17.933,87.098,11.16,89.015,10.095,89.172,9.296,90.292,8.418,87.53,10.994,89.684,9.398,88.702,9.746,88.759,10.288,88.602,10.511
1,613,82.163,17.117,86.05,11.631,88.737,10.43,88.595,9.74,89.327,8.534,86.697,11.36,88.888,10.14,87.222,10.605,87.426,11.395,87.838,11.196
1,614,80.61,18.648,85.497,12.526,87.497,11.446,87.287,11.196,88.96,9.648,85.833,12.509,87.522,11.288,86.378,11.996,86.368,12.619,85.969,12.986
1,615,77.427,21.617,81.453,16.434,84.36,14.158,83.877,13.736,84.797,13.478,83.869,13.964,85.331,13.319,83.1,15.484,83.558,15.043,82.708,16.31
1,616,76.206,22.67,79.09,18.986,81.205,17.66,78.907,19.283,81.724,16.445,79.074,19.116,81.469,17.152,76.825,21.7,76.909,20.464,78.036,19.828
1,617,79.562,19.303,84.561,13.737,87.688,11.207,87.123,11.369,89.191,9.365,86.272,11.594,88.048,11.005,85.234,13.477,84.889,13.264,86.512,12.242
1,618,78.451,20.563,84.481,13.774,86.023,12.702,86.216,12.243,86.944,10.723,85.377,12.605,87.39,11.601,84.776,13.856,85.113,13.369,83.56,15.575
1,619,79.933,19.096,83.082,14.745,86.048,12.749,85.316,13.13,86.416,11.948,83.749,14.442,85.465,13.173,82.754,15.694,83.038,15.882,83.302,15.486
1,620,77.715,20.584,81.873,15.585,83.946,14.321,83.035,14.518,84.728,12.611,82.241,15.305,84.373,13.997,81.78,15.84,81.548,16.026,82.402,15.665
1,621,75.044,23.944,77.047,20.982,79.607,19.347,78.013,20.249,79.621,18.473,77.759,20.578,79.785,18.785,76.854,21.43,76.741,21.385,77.882,20.595
0,622,72.523,26.525,76.855,19.827,77.265,20.476,76.871,21.346,75.434,20.13,76.986,21.455,78.446,19.148,74.549,23.988,75.977,21.628,75.768,22.944
0,623,70.085,29.152,72.788,25.605,75.215,23.932,73.042,25.728,75.368,23.213,74.338,24.233,75.325,23.39,73.349,25.49,73.901,24.6,74.798,23.923
1,624,73.114,25.455,76.833,19.941,78.715,19.078,78.105,19.28,79.42,17.725,78.831,19.233,79.962,17.735,77.809,19.806,78.801,19.442,77.521,20.697
0,625,71.97,27.105,76.32,21.597,77.059,21.298,76.85,21.379,77.803,20.391,77.632,21.098,78.872,19.424,73.207,25.963,76,22.757,75.607,23.452
1,626,77.697,20.73,80.268,16.127,81.823,16.396,81.528,16.271,82.72,14.753,79.923,17.057,82.544,15.593,79.826,17.724,80.484,17.181,80.142,17.765
1,627,77.912,21.086,82.245,15.584,85.151,13.626,84.367,14.05,85.873,12.418,83.169,14.692,85.093,13.586,82.629,15.742,82.89,15.35,83.104,15.499
1,628,77.696,21.417,83.685,14.487,85.433,13.579,84.082,14.353,85.457,12.919,82.823,14.971,85.308,13.555,83.191,15.112,82.741,15.717,83.178,15.544
1,629,78.259,20.825,81.286,16.554,83.983,14.728,82.876,15.482,83.444,14.645,81.614,16.587,83.682,14.798,80.937,17.304,81.167,17.399,81.023,17.665
1,630,79.085,19.99,84.254,13.72,85.84,13.129,84.4,14.041,85.54,11.957,82.87,15.004,85.078,13.6,81.807,16.55,83.27,15.23,82.013,16.77
1,631,75.793,22.495,79.325,17.73,81.268,16.757,79.965,17.624,78.631,16.031,79.806,17.687,81.636,16.348,78.317,19.224,78.929,18.585,79.158,18.682
1,632,77.351,21.732,80.578,17.364,82.065,15.91,82.451,16.034,81.427,15.876,81.18,17.117,82.83,15.656,79.284,19.27,80.407,18.103,80.518,18.185
1,633,77.076,21.971,81.872,16.095,84.341,14.257,84.669,13.688,87.05,11.355,84.054,13.979,86.093,12.774,83.302,15.294,84.011,14.612,83.844,15.146
1,634,79.969,19.306,81.921,15.261,85.079,13.945,84.433,13.877,85.454,12.793,81.555,17.082,84.332,14.205,83.336,14.744,82.374,16.274,83.172,15.486
1,635,76.761,22.194,79.387,18.606,83.475,15.424,81.314,17.011,82.682,15.399,80.672,17.368,82.116,16.378,78.907,19.485,78.843,19.365,79.539,19.08
1,636,72.614,26.464,75.775,22.087,77.569,21.098,76.304,22.015,75.923,22.259,76.013,22.6,77.631,20.586,73.266,25.529,74.968,23.63,75.932,22.731
1,637,79.382,19.712,84.428,13.715,87.375,11.592,85.821,12.549,87.094,11.139,84.893,12.928,87.075,11.755,84.198,14.083,83.988,14.306,83.804,14.987
1,638,79.605,19.324,82.97,14.887,84.893,13.948,83.674,14.841,84.818,13.397,81.838,16.034,84.379,14.224,80.643,17.623,81.394,16.876,81.054,17.454
1,639,76.985,21.972,79.417,17.521,81.038,17.563,79.386,18.311,81.151,17.154,80.541,17.482,81.692,16.714,77.844,20.844,78.91,18.942,79.281,19.388
1,640,79.984,19.061,82.827,15.334,85.657,13.393,84.342,14.05,85.699,12.491,81.935,16.206,84.77,13.945,82.625,15.425,81.853,16.237,82.502,16.021
1,641,75.288,23.761,79.259,18.807,82.103,16.841,80.754,17.589,82.411,15.795,79.89,17.443,82.647,16.065,78.53,19.797,78.985,18.885,80.516,17.908
0,642,71.425,27.627,73.445,24.294,76.896,21.787,75.677,22.478,77.138,21.047,75.723,23.095,78.235,20.098,74.781,23.79,75.42,22.77,74.545,24.331
1,643,80.762,18.264,82.97,14.867,85.543,13.199,82.974,15.456,85.043,13.084,82.683,15.419,84.995,13.513,80.824,16.746,81.564,17.203,83.126,15.41
1,644,80.356,18.655,83.935,14.177,86.609,12.39,84.58,13.857,86.566,11.64,83.49,14.302,85.691,13.057,83.206,14.883,82.899,15.162,82.218,16.393
1,645,76.041,22.844,80.596,17.327,82.565,16.23,81.709,16.611,83.867,14.472,80.951,16.956,82.855,15.773,79.629,18.967,80.326,17.792,80.541,18.16
1,646,74.96,24.144,77.651,20.007,80.454,18.119,79.13,19.185,79.662,18.389,78.429,19.961,80.344,17.841,77.461,20.876,77.544,20.893,76.798,21.922
1,647,76.395,22.681,80.954,16.775,83.042,15.649,82.03,16.31,83.048,15.162,80.802,17.393,83.062,15.394,79.447,18.981,80.854,17.542,80.777,17.851
1,648,75.369,23.592,78.354,18.271,79.807,18.741,78.889,19.346,81.222,17.025,78.975,19.175,81.388,17,78.147,20.245,79.238,19.01,78.885,19.739
1,649,73.668,25.332,79.121,18.707,80.344,18.351,79.527,18.52,81.393,16.722,79.064,19.188,81.691,16.847,78.436,19.948,79.026,19.14,77.7,21.209
,650,73.132,25.868,72.723,23.783,75.03,22.708,73.799,23.545,75.689,22.576,75.753,22.419,77.666,20.595,73.439,25.065,74.647,23.703,74.392,24.243
1,651,76.752,22.486,79.303,18.83,83.718,15.332,81.045,17.546,81.472,16.781,80.077,18.491,82.603,16.092,79.601,18.885,79.694,19.159,80.636,18.042
1,652,73.189,25.974,78.112,19.723,78.977,19.165,79.443,18.893,79.828,18.499,80.407,18.286,81.809,16.605,78.359,20.641,79.645,19.502,79.867,19.258
1,653,77.907,21.071,81.853,16.073,84.894,14.024,83.877,14.527,84.636,13.655,81.776,16.147,84.35,14.328,80.668,17.739,81.825,16.308,80.478,17.556
1,801,76.401,22.989,82.675,15.911,84.459,14.643,84.001,14.641,85.397,13.316,82.653,14.742,85.529,13.373,82.124,15.684,82.446,16.264,82.151,16.963
1,802,70.677,29.051,79.071,19.63,80.402,18.726,80.28,18.461,82.479,16.468,80.294,17.98,82.566,16.343,80.399,18.317,80.519,18.582,80.712,18.504
0,803,68.223,31.619,70.074,29.142,72.958,26.909,72.352,27.077,73.712,25.564,71.347,27.53,73.789,25.217,72.801,26.134,73.13,26.034,72.277,26.943
0,804,66.817,32.816,69.582,29.172,69.393,29.691,69.908,29.114,70.73,28.631,71.798,27.432,73.978,24.593,69.359,30.086,71.705,27.596,71.355,27.109
0,805,65.526,34.038,69.089,28.509,70.853,28.274,68.179,29.583,71.571,27.464,71.715,27.394,73.636,24.734,69.62,29.639,71.35,27.32,71.003,28.33
1,806,73.23,26.135,78.394,19.792,79.781,19.23,79.037,19.551,80.263,18.478,78.713,19.288,80.648,17.76,77.772,20.71,78.791,19.654,77.598,21.411
1,807,73.651,25.742,76.544,21.901,78.122,20.988,78.152,20.699,79.226,19.7,76.022,22.029,78.937,19.591,76.224,22.485,77.298,21.577,76.716,22.308
1,901,77.432,22.045,80.759,17.018,81.291,17.325,80.744,17.837,80.198,18.226,79.698,18.75,81.589,16.91,77.824,20.614,80.619,18.71,78.858,20.078
1,902,74.008,25.602,75.97,21.035,78.649,20.22,78.223,20.533,78.191,19.41,77.588,20.137,80.465,18.401,75.01,23.701,78.434,20.868,76.859,22.109
1,903,77.851,21.623,82.292,15.826,82.347,16.682,81.869,16.712,82.446,16.139,80.468,17.511,82.96,15.902,78.655,18.832,81.275,17.532,79.398,19.461
1,904,78.183,21.292,82.305,16.13,83.356,15.848,83.056,15.474,84.484,14.113,81.403,16.586,84.167,14.907,80.779,16.8,81.996,16.523,81.025,17.912
1,905,74.527,24.926,76.843,20.92,77.854,20.739,78.149,20.383,74.391,21.395,77.254,21.114,79.452,19.09,73.893,24.82,77.363,21.754,75.849,23.113
1,1000,75.169,24.116,77.545,19.559,78.302,20.015,77.19,21.066,78.018,19.767,77.527,20.491,79.346,19.196,76.046,22.753,77.81,20.545,77.416,21.48
1,1198,82.405,17.322,87.301,11.158,89.258,10.192,89.034,9.99,88.381,9.896,86.568,11.749,88.78,10.177,86.647,11.538,88.031,11.127,86.919,12.156
0,1201,70.544,28.878,72.403,25.719,72.473,26.795,71.455,26.983,72.937,25.774,71.916,26.178,73.33,24.98,71.182,27.446,72.009,25.612,72.871,26.342
0,1202,72.403,26.95,74.447,23.832,74.631,24.99,73.441,25.122,75.438,23.32,70.677,26.74,74.245,24.308,72.696,25.646,72.447,24.986,71.653,27.568
0,1203,68.352,31.395,69.564,28.615,69.811,27.993,69.026,29.8,68.003,30.821,70.696,28.524,71.955,26.209,69.735,29.488,70.658,28.527,71.58,28.141
0,1204,71.339,28.255,74.011,24.483,72.718,26.534,72.021,27.022,72.332,26.63,71.048,27.199,74.128,24.535,70.877,28.405,72.555,26.377,71.716,28.059
1,1205,76.509,22.867,77.848,19.909,79.86,18.945,78.435,19.882,78.65,19.442,77.942,19.799,79.927,18.281,76.66,21.585,77.027,21.097,78.176,20.848
0,1206,68.567,30.991,68.348,28.375,71.281,27.455,68.35,30.249,67.37,31.345,70.159,28.841,72.949,25.076,68.581,29.449,70.311,28.262,69.364,30.375
1,1207,73.575,25.909,77.318,20.797,77.196,21.539,77.378,21.266,77.839,20.75,76.184,21.561,78.775,19.63,76.253,22.502,76.757,21.672,75.696,23.918
0,1208,69.544,30.048,72.983,24.845,73.514,25.41,72.601,25.915,71.578,27.129,72.44,26.055,73.417,24.578,70.769,28.088,71.968,26.722,73.167,26.184
1,1209,73.187,26.312,74.145,23.121,75.714,23.132,74.657,24.171,75.638,22.856,74.132,24.515,75.953,22.338,73.675,25.23,73.773,24.884,74.817,24.588
1,1210,76.445,23.07,76.112,21.045,78.898,19.969,77.934,20.846,77.6,20.888,76.7,21.69,78.516,19.714,75.81,22.923,76.851,21.848,75.032,24.576
0,1211,67.961,31.608,70.081,27.847,70.421,28.544,70.493,27.984,71.122,27.67,70.048,28.762,72.227,25.896,68.892,30,69.88,27.691,70.811,28.658
0,1212,72.71,26.64,77.278,20.907,76.667,22.622,76.539,21.901,78.454,20.213,74.401,23.429,76.658,21.825,73.895,24.621,72.888,24.579,75.99,23.062
1,1213,74.515,24.78,78.738,19.16,79.42,19.697,78.427,19.79,80.107,18.309,76.682,20.887,78.464,19.783,76.198,22.04,76.298,21.424,77.308,21.724
1,1214,74.219,25.47,75.641,22.529,77.269,21.558,77.512,21.381,77.048,21.656,76.846,21.625,78.879,19.587,76.413,22.413,77.592,21.249,76.358,23.252
0,1215,72.889,26.537,74.546,23.531,75.51,23.591,74.386,24.251,75.037,23.521,73.477,24.743,75.5,22.803,73.329,25.271,73.67,24.488,73.894,25.379
0,1216,72.307,27.165,74.585,23.665,76.408,22.93,73.588,25.165,75.547,23.094,72.086,26.594,74.771,23.626,73.771,24.895,72.56,25.196,72.511,27.083
0,1217,67.837,31.721,67.201,29.971,68.073,29.926,68.234,30.545,67.094,30.064,67.809,30.515,69.29,28.14,67.238,30.869,67.529,30.161,70.115,29.337
0,1218,70.196,29.568,72.053,25.192,74.139,24.981,73.428,25.472,73.446,25.367,72.159,26.828,74.536,23.869,71.957,27.101,72.834,26.317,71.633,28.197
0,1219,71.936,27.604,72.976,24.039,73.515,24.751,72.744,25,74.263,24.537,72.008,25.83,74.627,23.607,71.974,26.712,73.33,24.994,72.896,26.517
1,1220,79.614,19.963,80.972,16.686,83.525,15.337,80.696,17.19,81.29,16.876,79.147,18.935,81.665,16.351,79.687,18.362,79.693,19.102,78.539,20.606
1,1221,77.049,22.312,79.313,17.862,79.738,18.502,79.601,18.157,80.351,17.106,77.332,20.059,78.757,18.32,78.057,19.464,78.25,19.138,77.333,21.167
1,1222,73.642,25.192,76.736,19.059,77.05,20.677,76.438,20.323,73.927,23.129,75.776,21.431,77.429,19.818,73.991,22.872,75.583,22.852,73.156,24.848
1,1223,77.542,21.853,81.469,16.723,81.833,17.07,81.048,17.633,82.438,16.111,79.817,17.63,82.426,16.175,79.488,19.113,79.461,18.474,79.507,19.899
1,1224,80.98,18.387,82.666,15.251,85.059,13.878,83.697,14.726,83.835,14.209,81.012,16.824,83.045,15.115,80.804,17.238,80.65,17.546,80.615,18.465
0,1225,75.469,24.133,76.615,21.214,77.952,21.192,77.005,21.736,75.196,21.866,75.629,22.651,77.291,20.149,76.628,21.505,76.674,21.594,74.839,24.49
1,1226,77.645,21.24,79.087,17.8,80.582,17.713,79.653,18.326,78.886,18.308,77.011,20.805,79.631,17.914,77.838,19.488,77.344,20.972,76.959,21.445
1,1227,78.076,21.471,81.248,16.881,82.405,16.699,81.948,16.624,82.268,16.22,80.143,18.147,82.397,16.069,80.878,17.421,80.863,17.673,79.975,19.481
0,1301,70.27,29.21,71.448,26.436,72.692,26.217,71.274,27.257,71.306,27.11,70.228,28.157,72.052,25.776,68.627,29.767,70.168,28.366,69.536,29.234
1,1302,74.454,25.046,74.124,23.345,75.451,23.16,74.867,23.552,72.474,25.661,73.135,25.108,75.478,22.186,71.384,25.567,74.008,24.564,72.908,25.642
0,1303,68.077,31.713,66.634,31.941,68.185,31.023,67.153,32.301,66.045,33.061,67.178,32.046,68.766,29.632,66.358,32.751,68.417,31.24,67.619,31.483
1,1304,79.753,19.539,81.617,16.216,83.893,14.922,82.603,15.685,82.919,15.067,80.649,16.775,82.91,15.259,80.007,17.707,80.493,17.499,79.543,19.006
,1305,83.294,16.18,86.197,12.134,87.445,11.757,87.354,11.283,87.978,10.52,83.56,13.709,86.33,12.337,84.029,13.273,85.089,13.483,84.399,14.34
1,1306,72.567,26.912,78.8,19.403,78.704,19.389,79.194,19.253,80.527,17.997,78.052,19.754,80.497,18.013,77.11,21.273,78.6,19.587,78.154,20.704
0,1307,72.677,26.678,72.93,24.972,75.256,23.516,74.24,24.236,74.629,23.822,73.803,24.345,75.788,22.195,72.813,25.531,73.446,24.75,72.3,26.554
0,1308,69.43,30.317,67.29,31.454,65.747,33.512,66.686,33.048,64.031,35.102,64.654,34.632,66.514,31.885,64.746,34.354,67.24,32.168,66.483,32.386
0,1309,66.52,32.957,66.488,30.955,66.577,32.58,65.247,33.203,65.636,33.083,65.018,33.404,67.048,30.503,62.907,35.41,65.791,32.223,63.59,35.128
0,1310,69.146,30.445,69,29.003,71.334,27.667,69.228,28.53,69.99,28.684,69.46,29.256,72.507,25.663,68.774,29.736,71.896,26.371,71.563,27.078
0,1311,70.332,29.361,70.76,27.765,72.128,27.22,71.324,27.845,71.385,27.453,70.171,28.454,72.49,26.059,70.599,28.089,71.862,27.195,71.183,27.758
0,1312,69.642,29.764,70.283,27.5,72.856,26,70.108,28.344,69.955,28.36,71.032,26.898,73.011,24.899,68.316,30.014,70.523,27.418,70.565,27.932
1,1313,77.825,21.594,79.506,17.356,81.803,16.848,81.227,17.239,80.868,17.204,79.065,18.659,80.293,17.57,77.579,20.351,79.007,19.487,78.09,20.491
,1314,66.646,32.899,65.91,32.031,66.548,32.818,65.102,33.837,63.71,33.559,64.513,34.036,66.562,31.435,63.923,34.54,65.671,32.723,63.863,34.908
1,1501,79.091,19.988,82.039,15.869,84.427,14.338,84.243,13.955,85.715,12.675,83.678,14.89,84.311,13.77,83.661,15,83.1,15.525,83.933,15.189
1,1502,76.274,22.712,79.33,18.431,82.448,16.099,81.204,16.937,82.266,15.921,81.315,17.22,82.546,15.866,80.303,18.524,80.17,18.42,82.12,16.896
0,1601,64.535,34.927,66.93,31.417,66.424,32.608,65.432,32.185,68.024,30.952,68.43,30.501,69.791,28.203,65.876,32.163,67.386,30.866,68.237,31.355
0,1602,64.317,35.18,68.752,29.87,70.601,28.627,68.557,30.091,68.961,30.072,70.338,28.494,71.928,26.327,68.065,31.159,69.083,29.148,72.114,27.26
1,1701,81.111,18.616,82.454,15.852,85.568,12.87,85.252,13.158,84.666,12.73,84.116,13.998,85.564,13.26,82.726,15.736,83.471,15.674,83.802,15.177
1,1702,81.354,18.317,81.409,16.863,84.014,14.75,84.167,14.356,84.991,13.368,82.943,15.36,85.115,13.672,81.995,16.513,81.816,16.912,82.61,16.35
1,1703,76.056,23.668,78.285,20.362,80.058,19.172,79.845,18.773,80.985,17.667,77.979,20.357,80.431,18.577,78.42,20.251,78.664,20.094,78.665,20.245
1,1704,80.689,19.131,82.461,15.526,85.12,14.245,85.191,13.307,85.245,12.308,82.035,16.521,84.782,14.258,84.137,14.187,82.876,15.963,83.117,15.859
1,1705,79.664,20.247,84.829,14.038,85.656,13.686,86.326,12.102,87.568,11.254,83.826,14.979,86.006,13.159,85.074,13.6,84.566,15.009,84.772,14.629
1,1706,75.956,23.671,78.765,18.065,79.156,18.913,79.254,18.609,80.943,17.828,78.928,19.643,81.383,17.013,78.586,20.442,79.147,20.045,79.16,20.031
1,1707,83.608,16.218,87.182,11.563,88.183,11.112,88.3,9.657,89.786,8.866,86.516,11.863,88.105,10.968,87.684,10.676,87.391,11.641,86.488,12.734
1,1708,77.672,21.753,80.754,17.639,81.482,17.507,80.959,17.55,81.391,15.956,79.055,18.727,81.646,17.175,78.939,19.609,79.046,19.061,78.315,20.43
1,1709,76.879,22.922,82.326,16.552,83.315,15.658,83.846,14.442,85.044,13.632,82.997,15.75,84.892,14.164,83.295,15.594,82.407,16.18,83.475,15.929
1,1710,77.442,22.225,81.402,17.232,82.159,16.885,82.086,16.596,81.99,15.629,80.281,17.917,82.663,16.32,80.455,18.312,80.293,18.685,79.828,19.259
1,1711,77.217,22.434,79.446,18.998,80.559,18.362,79.323,19.471,80.502,18.059,79.082,19.01,81.481,17.437,78.11,20.721,79.697,19.087,79.211,19.627
0,1712,72.106,27.974,72.7,26.422,73.505,25.99,73.209,26.354,73.037,26.183,71.087,28.276,73.917,25.392,72.065,27.379,73.685,26.239,73.771,25.233
0,1713,73.609,26.464,74.249,24.582,75.204,24.076,75.244,24.032,74.784,24.283,73.914,25.318,75.972,23.168,74.036,25.297,75.955,24.224,74.856,23.448
1,1714,74.449,25.204,79.277,19.496,78.393,20.705,77.378,20.553,79.403,19.404,76.401,20.892,79.686,19.415,75.957,22.282,77.261,21.792,76.861,21.414
0,1715,68.881,31.356,67.613,31.274,66.786,32.708,67.808,31.883,63.751,35.866,66.257,33.783,68.679,30.411,68.027,31.451,70.342,29.8,68.058,31.233
0,1716,72.07,27.86,71.651,26.749,73.151,25.927,72.929,26.214,72.328,26.739,72.101,26.947,73.209,25.488,71.158,28.136,73.623,26.229,72.085,27.062
1,1717,74.885,24.931,76.051,22.995,76.939,22.6,76.502,22.734,78.545,20.393,74.307,24.156,76.836,22.559,75.061,23.983,76.631,22.371,74.328,24.786
0,1718,72.181,27.669,73.65,24.966,73.679,25.557,73.49,25.618,73.827,25.197,72.683,26.072,74.799,24.211,71.12,27.207,74.182,25.275,73.185,25.887
1,1801,76.506,22.993,80.201,18.571,80.005,19.233,79.976,18.786,81.679,16.97,77.034,21,78.644,20.285,77.382,21.355,76.972,21.392,76.997,22.305
0,1802,69.277,30.474,70.607,27.296,70.857,27.912,70.169,28.214,70.482,28.064,70.703,27.848,71.836,26.26,68.633,30.332,69.806,28.842,69.811,29.63
0,1803,68.364,31.436,69.406,27.396,70.295,28.657,69.625,28.844,71.853,26.762,69.386,29.323,71.357,26.858,67.262,31.837,69.367,29.103,69.293,30.079
0,1804,71.768,28.078,72.397,25.858,73.356,26.062,71.938,26.928,72.297,26.623,70.101,28.998,72.78,25.839,69.61,29.489,71.444,27.931,71.489,27.904
0,1805,74.621,25.048,78.271,19.84,78.35,20.674,77.958,20.707,77.592,21.074,76.525,21.539,79.498,19.266,75.065,23.785,77.517,21.129,77.492,21.703
0,1806,68.502,31.625,67.171,31.903,67.479,32.182,67.169,32.573,66.869,32.537,65.357,34.586,68.016,31.123,65.565,34.328,67.419,32.843,66.883,32.998
1,1807,74.779,24.954,76.096,21.097,77.541,21.186,76.726,21.093,77.693,20.75,75.512,22.937,78.086,20.348,74.506,24.295,74.815,24.306,75.151,24.197
0,1808,70.377,29.645,69.623,29.407,70.086,29.644,69.617,30.049,68.314,31.028,67.148,31.428,70.036,29.205,68.69,30.76,70.064,29.569,69.801,29.722
0,1809,72.671,27.049,74.084,24.349,74.092,25.315,73.573,25.28,74.742,24.083,71.196,26.589,73.483,24.588,71.108,26.79,72.487,25.466,72.218,26.164
1,1901,73.171,26.602,78.134,20.343,78.39,20.953,77.905,21.073,78.225,20.699,75.961,22.386,78.048,20.267,74.929,23.843,76.997,21.47,76.583,22.507
1,1902,73.537,26.247,76.339,22.582,74.97,23.504,75.56,23.686,76.615,22.494,74.786,23.989,77.434,21.77,74.936,24.061,75.726,23.884,73.507,26.085
1,1903,73.276,26.56,77.159,21.653,77.683,21.775,77.199,22.18,77.382,21.666,75.08,23.457,78.069,21.198,75.331,23.624,77.127,22.243,76.172,23.01
0,1904,71.785,28.264,73.582,25.348,72.822,26.842,71.801,26.911,70.747,28.788,70.651,29.087,74.359,24.894,70.739,27.643,73.224,27.23,72.297,27.2
0,2001,64.912,35.398,66.475,32.871,66.385,33.256,65.141,33.634,63.665,36.099,65.668,34.839,68.584,30.498,64.17,35.891,66.445,33.445,68.028,31.593
0,2002,72.24,27.498,74.78,24.212,75.871,23.868,74.353,24.944,75.122,23.917,72.253,26.249,75.499,23.706,72.987,25.847,74.682,23.983,72.91,26.268
1,2003,73.688,25.862,78.347,19.889,78.676,20.241,77.98,20.849,78.261,20.34,76.595,21.41,80.118,18.604,76.433,22.075,77.246,21.383,76.942,22.027
0,2004,70.149,29.477,73.533,24.614,73.266,25.782,72.445,26.333,72.847,25.967,71.089,26.733,75.139,22.678,69.569,28.154,71.374,26.413,69.347,28.937
0,2101,66.038,33.477,65.292,32.298,66.584,32.889,64.834,34.652,65.119,34.353,66.642,32.562,68.571,30.476,64.759,35.12,65.066,34.639,67.893,31.672
0,2102,70.956,28.247,72.868,24.05,73.712,25.667,71.907,26.715,72.061,26.975,71.792,26.423,74.069,24.609,70.643,28.171,71.026,27.497,72.471,26.694
1,2103,74.623,24.781,79.441,17.599,80.167,18.607,79.662,18.181,79.81,18.947,78.203,19.712,80.403,18.028,76.743,22.053,78.456,20.619,77.907,21.505
0,2104,68.559,31.177,69.803,28.648,71.272,28.26,70.973,28.5,69.822,29.709,69.078,30.486,70.943,27.981,69.296,30.244,71.179,28.72,71.682,27.888
0,2105,64.457,34.591,66.413,31.629,62.092,36.524,62.321,35.994,63.669,35.449,66.063,33.128,68.043,30.291,62.281,37.422,63.213,35.139,68.349,30.867
0,2106,70.702,28.601,73.912,23.229,74.239,24.196,73.672,24.539,73.591,25.02,73.821,24.88,75.362,22.505,71.651,27.145,73.775,25.067,73.171,26.27
0,2201,72.02,27.901,76.931,21.479,72.851,26.369,73.993,24.496,75.453,23.714,71.567,27.07,75.649,23.634,71.061,27.727,73.043,26.15,71.019,27.532
1,2202,81.161,18.002,83.089,15.06,83.73,14.828,84.137,13.901,84.293,13.515,80.194,17.486,83.931,15.158,81.117,16.684,81.568,16.923,80.388,16.81
0,2203,72.25,27.653,74.271,24.552,72.679,26.945,72.387,26.439,71.334,28.02,69.385,29.255,74.741,25.075,69.508,29.474,70.363,29.162,68.927,29.599
0,2204,74.293,25.281,75.093,23.863,72.795,26.373,72.3,26.349,73.986,25.058,70.867,26.959,75.549,24.095,70.47,28.637,70.651,28.349,69.598,29.063
0,2205,72.543,27.353,71.522,27.411,69.681,29.591,68.402,30.663,66.886,32.636,67.827,31.679,72.919,26.694,65.855,33.837,70.059,29.54,67.413,30.431
0,2206,73.753,26.158,76.456,22.151,73.77,25.582,73.729,25.142,73.243,26.022,70.398,28.695,76.1,23.586,71.433,27.504,73.023,26.772,69.871,28.807
1,2301,73.805,25.881,75.958,21.963,77.89,20.916,78.456,20.308,78.492,20.242,77.728,20.627,79.77,19.015,75.786,23.153,77.745,21.755,76.058,23.285
1,2302,72.015,27.542,75.413,22.804,76.016,23.348,75.301,23.38,76.706,21.942,73.495,24.68,75.79,23.047,74.735,23.714,74.537,22.959,73.394,25.551
0,2401,72.74,26.745,75.289,22.395,75.629,23.338,74.896,23.583,73.639,23.892,74.586,23.546,75.529,22.565,72.17,26.363,75.013,24.037,72.725,26.568
1,2402,77.488,21.887,80.357,16.831,81.806,17.032,81.729,16.656,82.282,16.147,79.692,17.733,81.919,16.515,78.953,19.35,80.331,18.291,80.706,18.225
1,2403,77.444,22.09,80.182,16.985,82.512,16.313,81.422,16.41,83.115,15.487,80.633,17.078,82.91,15.629,79.623,18.146,81.954,17.178,80.966,18.296
1,2404,82.485,17.05,83.634,13.778,86.385,12.199,85.093,12.827,84.825,11.812,83.284,14.265,85.128,12.981,83.184,14.261,84.137,14.271,82.875,15.591
1,2405,78.466,20.998,81.009,17.443,81.851,17.091,81.191,17.491,81.194,17.393,80.072,18.3,82.764,16.005,80.339,18.202,80.748,18.273,80.702,18.485
1,2406,76.033,23.407,79.692,18.522,80.86,18.116,80.462,18.009,81.231,17.365,79.396,18.638,81.497,17.153,79.103,19.346,80.014,18.661,79.795,19.336
1,2407,81.987,17.389,85.366,12.328,86.503,12.484,85.9,11.854,87.336,11.1,84.434,13.632,86.969,11.836,84.246,13.328,84.821,13.252,85.665,13.361
1,2408,78.401,21.224,83.45,14.837,85.336,13.866,85.313,13.217,86.126,12.624,82.916,15.262,85.535,13.334,83.352,15.034,85.18,13.579,84.653,14.497
1,2501,76.654,22.697,81.354,16.192,83.051,16.068,81.621,16.267,83.768,14.887,80.741,16.634,83.722,15.468,80.377,18.257,81.334,17.092,81.782,17.612
1,2502,76.583,22.825,81.826,16.403,82.666,16.335,82.241,16.279,83.418,15.164,81.267,16.73,83.727,15.365,79.66,19.118,81.623,17.069,81.766,17.745
1,2503,75.125,24.392,81.06,17.064,81.393,17.376,80.206,18.385,81.293,17.322,79.228,18.403,83.211,15.728,79.039,19.844,81.158,17.751,81.071,18.512
1,2504,77.525,22.092,79.984,17.565,82.772,16.335,82.701,16.143,82.215,15.668,81.072,17.544,83.756,15.452,80.562,18.467,83.165,16.111,82.837,16.847
1,2505,78.123,20.851,84.507,13.331,85.671,12.879,85.882,12.089,86.924,11.036,84.603,13.344,86.854,11.991,84.784,13.331,85.346,13.244,85.428,13.715
1,2506,79.041,20.376,82.193,15.226,83.769,15.381,83.47,15.13,84.5,14.212,81.964,16.05,84.451,14.661,80.942,17.722,82.498,16.536,83.248,16.187
1,2507,82.047,17.675,87.64,11.047,88.112,10.624,88.846,9.698,89.805,8.949,87.201,11.383,89.248,10.076,87.916,10.656,87.965,11.295,88.366,11.317
1,2508,76.639,23.175,82.981,15.299,84.82,14.424,84.948,13.557,85.919,12.838,83.392,15.023,85.7,13.465,83.711,14.85,84.637,14.555,84.461,15.197
1,2509,74.888,24.532,78.817,19.115,79.713,19.052,79.203,19.281,79.722,18.848,78.834,19.394,81.077,17.728,77.194,21.634,79.054,19.897,78.785,20.876
0,2601,71.343,28.495,72.699,24.712,71.57,27.359,72.446,26.263,71.356,26.429,71.105,28.359,74.026,24.575,71.372,27.908,72.777,26.552,72.35,27.343
0,2602,73.749,25.891,74.865,22.488,74.943,24.021,73.67,24.114,76.25,22.526,74.169,24.351,76.662,22.04,73.85,25.125,75.089,23.623,73.499,26.093
0,2604,70.584,29.133,71.957,26.055,71.847,26.927,71.421,27.033,70.194,28.525,71.616,27.114,73.318,25.027,69.953,29.251,72.388,26.355,72.302,27.126
1,2605,75.534,23.941,78.967,19.251,78.358,20.473,77.613,20.794,79.75,18.703,77.279,20.444,78.224,19.728,76.272,22.398,77.195,20.966,77.574,21.536
0,2606,74.656,24.904,77.277,20.891,77.293,21.693,76.77,21.655,77.92,20.656,75.695,22.337,78.02,20.626,74.944,23.842,76.037,22.393,76.002,23.254
0,2607,73.819,25.771,76.128,22.337,76.079,23.141,76.386,22.324,78.043,20.701,74.204,23.839,77.286,21.71,74.742,24.089,75.549,22.721,75.885,23.268
1,2608,76.039,23.423,78.695,19.49,77.698,21.032,76.514,21.067,78.122,20.469,76.077,21.809,79.054,18.976,73.922,25.377,75.838,23.333,76.801,22.66
1,2609,75.224,24.116,79.352,18.681,79.631,19.076,78.783,19.436,80.333,17.954,77.962,19.571,80.277,18.317,76.394,22.307,77.311,20.588,77.78,21.314
0,2610,70.675,29.145,72.504,24.792,72.281,26.823,71.799,27.147,72.089,26.95,71.293,27.375,73.283,25.411,69.376,30.078,72.225,26.944,70.704,28.935
1,2611,74.424,25.02,78.595,19.518,78.653,19.975,78.145,20.334,77.942,19.401,77.965,19.963,79.908,18.703,76.126,22.959,77.555,20.887,77.433,21.948
1,2612,76.151,23.309,81.928,16.89,81.662,17.345,81.216,17.248,84.01,14.607,80.306,17.607,82.577,16.554,79.829,19.133,79.7,18.525,81.039,18.266
1,2613,79.443,19.988,81.389,16.975,83.312,15.314,82.395,15.721,83.177,14.837,81.841,16.148,83.633,15.023,80.404,18.231,80.261,18.071,81.828,17.413
1,2614,81.089,17.759,83.847,13.809,85.419,12.784,84.554,13.215,85.138,12.231,83.658,13.7,85.39,12.894,82.331,15.556,82.619,15.128,83.388,15.137
0,2701,75.901,23.795,78.715,19.885,77.884,20.912,78.381,20.644,79.203,19.848,75.375,23.131,78.233,20.843,74.851,23.815,78.162,20.824,75.887,23.539
1,2702,74.265,25.521,77.676,20.595,78.938,20.165,78.666,20.31,77.206,21.749,76.306,22.668,79.716,19.113,75.602,23.256,78.255,21.422,76.715,22.883
1,2703,74.368,25.457,80.284,17.39,80.738,18.312,80.574,18.437,79.369,18.591,79.268,18.664,82.648,16.361,77.713,20.408,80.551,18.887,81.129,18.194
1,2704,76.776,22.91,82.396,16.076,82.52,16.464,83.044,15.733,83.43,15.343,80.832,17.621,83.724,15.238,80.199,18.471,82.7,16.202,81.641,17.759
1,2705,80.284,19.372,85.047,13.581,85.421,13.699,85.39,13.299,85.715,13.022,83.772,14.524,86.341,12.758,84.124,14.331,84.839,14.232,84.492,14.919
0,2706,72.014,27.989,74.994,23.053,75.173,24.585,74.876,24.782,74.781,24.582,72.841,26.08,76.377,23.138,73.338,25.736,76.288,23.303,74.663,24.862
1,2707,69.253,30.879,71.459,25.377,73.574,26.201,72.443,27.019,70.85,27.218,70.351,29.171,71.913,27.064,69.414,29.901,72.703,27.406,70.737,29.124
0,2708,71.605,28.234,75.091,24.07,75.217,24.461,74.911,24.395,75.618,23.587,73.204,25.573,76.098,22.686,72.818,26.311,74.918,24.338,75.017,24.441
0,2801,70.301,29.175,70.632,26.711,70.032,27.779,69.949,29.044,69.333,29.638,68.742,29.897,70.747,27.125,66.895,32.104,69.975,28.934,68.68,30.357
1,2802,78.078,21.161,79.985,16.689,81.798,17.08,80.161,18.382,80.423,17.75,77.601,19.775,79.997,18.077,77.145,20.851,77.86,20.071,77.68,20.838
0,2803,72.184,27.069,74.609,22.561,74.133,24.54,73.763,24.69,74.244,24.195,71.896,26.174,74.669,23.145,70.393,28.084,72.835,25.158,72.236,26.501
0,2804,67.514,32.091,63.939,33.765,67.095,31.973,64.868,34.417,65.19,33.932,63.445,36.674,65.368,32.399,63.938,35.462,64.768,35.046,64.775,34.613
1,2901,80.033,19.588,82.699,14.651,86.384,12.751,84.27,14.389,83.958,13.467,82.051,15.925,83.952,14.078,80.668,17.555,82.131,16.893,82.304,16.583
0,2902,73.8,25.784,78.786,19.393,77.901,20.978,78.255,20.63,77.309,21.57,77.611,19.676,80.266,17.962,75.712,22.967,78.727,19.972,75.875,23.41
0,2903,67.51,32.588,67.645,31.134,67.857,31.578,67.38,32.473,67.346,32.162,66.129,32.994,68.95,29.886,65.024,33.519,68.911,31.415,67.994,31.471
0,2904,68.255,31.591,68.35,30.67,68.221,31.257,68.834,30.366,69.334,29.788,67.435,32.035,71.64,27.361,68.186,30.882,69.747,28.996,70.09,29.037
1,2905,73.325,26.336,78.197,20.214,78.895,20.25,77.097,21.781,77.088,21.482,75.109,22.985,78,20.579,74.585,23.901,75.711,22.857,75.066,23.885
0,2906,72.733,26.914,75.21,23.626,74.166,25.608,73.409,25.838,74.387,23.329,70.473,28.088,74.248,24.866,70.883,27.897,72.364,26.557,71.006,28.134
0,2907,66.82,32.902,66.773,31.485,66.304,32.749,65.53,33.386,65.174,33.835,65.937,33.387,68.24,29.912,63.311,35.97,65.308,33.965,65.408,33.912
0,2908,64.126,35.809,66.784,32.014,65.418,34.233,64.426,34.785,66.276,32.946,63.975,35.348,66.459,32.159,63.622,35.46,63.97,35.205,62.88,36.593
0,3000,67.488,32.916,71.344,28.021,74.61,26.282,73.796,26.017,73.871,26.557,71.881,27.677,74.614,23.575,71.835,27.524,72.043,27.739,72.166,27.472
0,3101,72.961,26.871,75.504,23.189,76.431,23.245,75.916,23.365,76.595,22.496,72.926,24.971,76.658,22.476,74.506,24.299,75.657,23.271,74.896,24.332
0,3102,74.94,24.761,77.97,19.613,78.245,20.931,76.906,21.445,77.668,20.299,75.516,22.419,77.99,20.137,74.242,23.952,77.271,21.787,73.718,24.303
0,3103,69.627,30.56,70.113,28.91,70.022,30.269,69.608,30.221,69.749,29.756,66.386,33.389,70.137,29.169,69.274,29.793,70.726,28.954,69.753,29.666
1,3201,74.804,24.699,78.005,20.216,79.418,19.901,78.33,20.381,80.538,18.068,76.24,22.048,79.825,18.571,79.269,18.979,77.249,20.704,76.137,23.117
0,3202,70.851,28.697,74.021,24.253,76.44,23.085,75.503,23.24,77.455,21.402,74.593,23.742,76.795,21.723,74.737,24.137,74.706,23.77,74.07,25.511
1,3203,72.966,26.385,77.383,20.824,78.792,20.404,77.743,21.063,80.544,18.204,77.165,20.866,79.063,19.413,77.116,21.734,76.607,21.728,76.839,22.502
1,3204,71.203,28.418,72.508,26.276,75.633,23.733,74.51,24.722,75.235,23.786,73.787,25.258,75.948,22.095,76.199,22.842,73.732,25.367,76.578,22.769
1,3301,72.984,26.598,77.885,20.12,77.652,21.314,77.147,21.603,77.48,21.169,75.976,22.283,79.246,19.588,76.072,22.6,77.032,21.936,74.893,24.271
1,3302,71.531,28.139,73.931,23.97,75.962,22.782,74.627,23.228,77.764,20.901,76.306,22.023,79.545,19.368,76.356,22.37,77.138,21.855,76.092,23.002
1,3401,78.486,21.198,83.698,14.862,82.441,15.831,83.392,15.14,83.234,15.506,80.272,17.992,82.919,15.61,78.739,18.999,81.026,17.998,80.118,18.976
0,3402,78.399,21.204,81.899,16.681,80.941,18.421,80.993,17.568,81.337,17.49,76.328,22.197,80.923,18.219,76.415,22.037,77.938,20.913,76.979,22.007
1,3403,75.705,23.188,81.056,16.516,79.787,18.414,79.124,18.512,78.425,19.062,76.93,20.894,80.693,17.734,75.867,21.821,78.016,20.103,76.046,22.25
0,3404,75.822,23.593,80.611,18.31,78.121,20.88,79.313,18.871,80.697,18.024,77.089,21.4,80.934,18.342,74.764,24.285,75.677,23.023,77.008,22.24
1,3405,76.261,23.46,80.393,18.544,78.611,19.59,79.406,19.19,79.052,19.994,77.566,21.775,80.108,18.984,75.301,24.15,77.019,22.987,76.167,23.71
1,3406,77.37,22.289,82.226,16.692,81.026,17.98,80.771,16.928,81.671,17.163,79.982,18.686,82.916,16.283,79.634,19.144,79.754,19.087,78.76,20.672
1,3407,78.387,20.567,83.083,15.161,82.081,16.477,83.254,14.754,83.096,14.097,80.735,16.998,83.894,15.069,80.499,17.562,80.343,16.779,81.045,17.542
1,3408,80.864,19.162,84.938,14.047,85.339,14.131,86.159,12.289,86.302,12.45,81.787,17.249,85.362,13.873,84.017,14.235,83.235,16.094,82.873,16.448
1,3409,78.268,21.39,81.82,17.322,81.672,17.456,82.258,16.008,82.838,15.783,79.509,19.341,82.832,16.399,79.992,18.674,79.099,19.694,80.061,19.228
1,3410,83.718,16.153,85.719,12.998,87.272,11.945,87.63,10.798,88.088,10.513,84.364,14.407,86.654,12.35,85.011,13.251,85.057,14.329,84.2,15.148
1,3411,78.212,21.459,82.63,16.06,82.324,16.837,82.859,15.781,81.989,17.024,80.257,18.18,83.372,15.875,78.988,19.88,80.704,18.606,80.191,19.109
1,3412,81.357,18.241,85.859,13.189,85.639,13.71,86.458,12.205,87.424,11.507,83.303,14.833,85.978,13.431,82.8,15.225,82.913,15.317,84.086,15.016
1,3501,73.021,26.406,80.128,18.255,81.509,17.632,80.6,18.155,82.009,16.753,79.875,18.041,81.975,16.635,78.633,19.99,79.784,18.461,78.302,20.901
1,3502,67.028,32.59,66.849,30.77,68.921,29.76,68.022,31.263,67.043,30.778,70.995,28.119,72.999,24.622,70.007,29.505,70.175,28.511,70.247,29.531
1,3503,73.28,26.209,74.231,25.401,76.888,22.783,76.857,22.792,77.568,21.553,74.538,23.289,77.617,21.781,77.031,22.126,76.406,21.969,78.111,20.91
0,3601,76.748,22.741,81.135,17.475,79.57,19.447,79.8,18.553,77.786,21.092,76.581,21.923,80.402,18.627,74.884,23.304,77.773,20.871,76.639,22.64
0,3602,77.984,21.684,81.86,16.563,79.873,19.113,80.267,18.113,80.884,17.953,77.964,20.538,81.675,17.297,76.17,22.727,78.207,21.3,77.48,21.852
1,3603,77.285,22.494,83.483,15.476,82.74,16.461,82.9,14.843,84.304,14.655,80.32,18.546,84.295,15.083,80.885,18.168,81.929,17.212,80.635,19.033
1,3604,78.932,20.928,83.575,15.072,83.714,15.529,84.344,14.103,83.429,15.438,81.07,17.567,84.036,15.071,81.146,17.581,82.22,17.24,81.279,18.169
1,3605,84.588,15.147,87.718,11.177,88.597,10.631,88.973,9.354,89.358,9.307,85.984,12.254,88.845,10.405,86.437,11.497,86.434,12.711,87.187,12.127
1,3606,79.477,20.259,83.037,15.999,81.754,17.241,84.28,13.857,84.267,13.574,81.053,18.021,84.441,14.77,82.306,15.815,81.499,17.467,82.828,15.896
1,3607,80.874,18.849,85.151,14.049,85.974,13.111,86.709,11.504,87.404,11.314,84.236,14.625,87.617,11.84,85.747,13.016,84.373,14.658,85.748,13.741
1,3608,84.424,15.267,88.389,10.648,88.962,10.322,89.322,8.971,89.987,8.682,86.805,11.624,89.44,9.928,87.428,11.061,86.439,12.709,87.179,12.244
1,3609,83.247,16.469,87.224,11.818,88.344,10.901,88.762,9.517,89.514,9.193,86.387,12.074,89.048,10.305,86.47,12.161,86.285,12.65,87.222,12.178
1,3610,81.003,18.624,87.156,12.179,86.523,12.592,88.161,10.127,89.644,9.255,85.409,13.27,88.767,10.856,86.875,12.041,85.321,13.775,86.485,13.174
1,3611,74.848,24.986,79.158,20.011,79.1,20.162,80.346,16.576,82.933,15.892,79.211,19.992,82.039,17.244,78.917,20.088,77.456,21.96,80.493,19.15
1,3612,81.795,18.119,88.107,10.519,89.264,10.083,90.238,8.435,90.97,8.115,87.115,11.178,90.303,9.334,89.219,9.666,88.536,10.892,88.448,11.208
1,3613,84.856,14.832,88.917,10.298,88.91,10.458,89.302,8.689,90.631,8.236,86.414,11.868,89.819,9.7,87.607,11.02,86.886,12.233,87.579,11.865
1,3614,82.11,17.621,85.916,13.284,86.334,13.092,86.958,11.368,87.933,10.868,83.115,15.107,86.794,12.63,85.351,13.207,83.878,14.989,84.972,14.335
1,3615,83.743,16.001,86.959,12.176,87.884,11.425,88.126,10.202,88.547,10.17,85.391,13.507,88.332,11.039,86.35,12.217,85.059,14.268,86.5,12.936
1,3616,82.896,16.942,88.171,10.878,87.8,11.568,88.908,9.494,89.637,9.225,85.673,12.951,88.851,10.583,87.148,11.37,86.8,12.322,86.101,13.417
1,3617,79.5,20.204,84.209,14.817,83.63,15.61,84.314,14.017,84.021,13.839,81.77,16.765,84.484,14.358,82.29,16.527,82.816,16.07,82.517,16.937
1,3618,75.339,24.337,79.192,19.777,78.113,20.776,78.739,19.551,77.391,20.218,77.659,21.239,80.577,18.609,75.648,22.832,77.832,21.273,78.341,21.165
1,3619,72.926,26.936,76.388,22.417,75.444,23.482,75.969,22.669,76.15,22.982,74.416,24.71,77.969,21.173,74.048,25.302,74.86,24.145,72.66,27.257
1,3620,78.551,21.1,82.987,15.527,82.984,16.086,82.586,15.899,82.355,16.49,79.838,18.415,83.124,15.997,79.166,19.685,81.369,17.698,80.428,18.798
0,3621,75.135,24.469,78.949,20.041,77.402,21.952,77.699,20.814,78.446,20.609,74.341,23.415,78.734,20.703,74.895,24.123,75.593,23.175,75.796,23.416
1,3622,76.038,23.526,80.015,18.603,78.533,20.674,78.715,19.664,79.26,19.66,76,22.132,79.614,19.583,75.474,23.357,76.141,22.839,77.19,21.831
0,3623,73.308,26.381,78.634,20.434,75.258,23.864,76.621,21.779,77.309,21.685,73.878,24.913,77.339,21.327,74.206,23.985,74.68,24.222,73.628,25.957
0,3624,76.834,22.732,80.145,18.554,80.035,19.001,80.244,18.227,80.52,18.355,77.784,20.41,81.232,18.019,77.035,21.977,78.247,20.717,76.439,23.056
1,3625,78.741,20.873,85.088,13.595,83.681,15.397,83.783,14.768,84.988,13.897,80.656,16.898,83.786,14.902,79.748,19.119,81.264,17.831,80.426,18.864
1,3626,77.727,21.801,84.739,14.15,84.1,15.079,84.089,14.338,85.164,13.624,81.094,16.811,84.279,15.048,81.166,17.552,81.008,17.525,81.398,17.765
0,3627,77.179,22.349,81.27,17.41,79.602,19.826,79.655,19.001,79.266,18.656,75.738,22.225,80.127,19.24,75.395,22.547,77.724,20.875,76.973,22
1,3701,76.876,22.535,80.176,17.715,82.08,16.814,80.149,17.629,80.92,17.436,78.761,18.628,80.549,17.108,77.213,20.67,79.015,19.603,76.699,21.516
0,3702,71.264,28.018,76.164,21.125,78.638,20.474,76.657,20.927,80.306,18.253,75.895,20.812,78.947,19.626,73.889,23.42,75.847,21.206,75.536,21.777
0,3703,66.777,32.719,65.661,31.365,70.638,27.305,66.687,31.801,65.878,32.945,68.886,29.387,72.261,25.792,65.587,33.33,66.998,32.459,69.445,28.915
1,3704,77.5,21.819,81.597,16.639,83.694,15.229,82.407,16.165,82.788,15.777,80.631,17.211,84.8,13.986,80.873,17.331,81.93,16.561,81.015,17.422
0,3705,70.662,28.704,70.749,27.307,71.96,26.965,70.782,27.984,72.146,26.531,70.237,27.855,73.22,25.049,69.785,28.489,71.673,26.801,69.667,28.504
0,3706,69.805,29.845,69.229,29.553,71.117,28.193,69.951,29.542,69.419,29.612,68.762,29.739,71.142,27.586,68.553,30.262,70.503,28.918,69.4,28.926
0,3707,71.027,27.603,72.146,24.817,73.164,24.984,71.984,25.701,72.2,25.122,70.395,26.941,73.33,24.141,69.091,28.162,71.197,26.618,67.793,29.662
0,3708,69.287,30.09,69.967,27.675,71.219,27.094,70.069,28.283,69.109,29.346,71.521,26.933,72.892,24.806,68.096,30.468,70.778,28.2,69.43,28.958
0,3709,70.704,28.632,72.02,25.763,73.367,25.147,72.302,26.221,71.919,26.617,73.239,24.654,75.089,22.924,71.074,27.277,73.179,25.322,72.022,26.206
0,3710,69.944,29.487,72.064,26.026,73.011,26.237,71.775,27.025,72.458,26.266,70.182,27.498,72.907,25.472,69.733,28.379,71.699,26.656,69.479,28.551
1,3712,75.29,24.264,77.487,20.394,79.745,18.791,78.926,19.685,77.774,20.584,77.88,20.262,79.241,17.64,76.517,21.733,77.768,20.874,77.972,20.347
0,3713,72.317,26.327,73.797,23.213,74.93,23.175,73.869,23.954,71.194,26.213,72.26,25.081,74.37,23.113,69.841,26.617,73.15,24.884,71.319,26.028
0,3800,71.166,29.943,72.534,27.03,74.059,27.089,74.484,26.074,72.892,28.295,70.944,29.345,75.556,24.727,70.671,29.912,71.8,29.649,70.702,29.183
0,3901,77.097,22.54,78.67,19.355,78.19,19.939,77.819,20.683,79.165,19.407,77.403,20.135,79.31,18.659,76.439,22.079,78.166,19.813,77.913,20.901
0,3902,72.067,27.016,71.647,26.163,73.302,25.058,72.993,25.255,73.116,24.562,72.232,25.988,74.119,24.258,71.724,26.681,73.23,25.38,72.848,25.476
1,3903,78.758,20.879,80.865,17.007,82.917,15.931,82.278,16.136,81.538,16.742,79.617,18.428,82.35,16.119,77.928,20.52,79.96,18.757,78.106,20.822
0,3904,71.907,27.848,73.058,24.537,72.775,26.127,72.229,26.281,72.075,26.616,71.634,26.943,73.341,24.835,69.708,28.975,72.604,26.382,70.814,28.065
0,3905,71.961,27.829,73.458,24.453,74.229,24.666,73.834,24.886,73.79,25.111,72.823,26.004,74.394,23.331,70.661,28.41,74.192,24.968,70.844,28.472
0,3906,68.887,30.947,68.443,30.914,68.534,31.229,67.905,31.527,69.197,28.357,66.924,32.044,69.161,30.25,67.302,32.224,68.015,30.925,67.96,31.159
0,3907,69.032,30.698,70.802,27.565,70.628,28.426,70.049,28.48,71.079,27.715,69.371,29.61,69.384,28.099,66.816,32.551,69.003,29.779,68.05,31.212
0,3908,74.08,25.495,76.068,21.97,75.754,23.523,75.065,23.448,76.364,22.364,73.669,24.319,75.829,22.767,72.03,26.559,74.555,23.702,73.057,25.718
1,3909,78.293,21.19,81.338,16.749,82.001,16.988,81.313,17.076,82.415,16.028,79.344,18.382,81.067,17.536,78.589,19.721,79.728,18.553,79.206,19.5
0,3910,75.092,24.481,75.285,21.93,77.334,21.562,75.009,22.645,76.275,22.384,74.774,23.376,76.749,21.653,73.077,25.941,74.245,24.129,71.899,27.546
1,3911,82.631,16.943,85.206,12.956,86.086,12.74,86.122,12.298,86.501,11.81,83.965,14.1,86.2,12.523,82.787,15.518,83.985,14.893,83.441,15.489
0,3912,71.814,27.99,73.604,24.231,74.791,23.726,73.661,24.954,72.648,26.102,75.382,23.22,77.052,21.338,71.534,27.789,75.701,23.477,74.228,24.961
1,3913,75.234,24.271,78.444,19.553,76.134,21.583,77.229,21.212,76.406,20.796,75.686,21.82,78.141,20.282,73.611,25.127,76.186,22.32,75.464,23.332
0,3914,71.884,27.672,74.313,23.961,73.286,25.228,72.873,25.691,74.44,24.186,74.267,24.215,76.004,22.545,71.987,27.225,73.597,25.112,72.501,26.761
0,3915,72.4,27.286,75.116,22.133,75.252,23.659,74.739,23.033,76.445,22.309,74.812,23.446,78.095,20.718,74.355,24.366,76.398,21.86,75.289,23.565
0,3916,74.258,25.287,77.959,20.19,78.538,20.618,77.127,21.418,79.439,19.23,75.834,22.04,78.08,20.59,73.184,24.717,75.787,22.711,74.848,23.192
0,4001,74.406,25.294,75.754,22.165,74.235,25.267,74.128,24.649,76.307,22.907,70.462,28.287,74.73,24.835,71.61,27.345,72.178,26.613,71.941,27.152
0,4002,65.944,34.404,63.154,36.528,61.815,38.037,62.206,37.728,61.226,38.835,59.186,41.488,63.503,36.469,60.986,39.227,61.32,39.166,62.094,37.426
0,4003,70.42,29.422,70.636,28.477,68.34,31.346,68.468,30.481,67.832,30.247,66.18,33.103,70.582,29.232,65.582,33.971,66.543,32.913,68.264,30.903
0,4004,71.305,28.499,73.353,25.08,71.023,28.108,71.169,27.243,73.111,26.002,69.252,29.798,73.559,25.766,68.314,30.826,69.858,29.29,70.175,28.947
1,4005,73.912,25.82,76.11,22.477,74.792,24.347,74.691,23.85,75.236,23.718,71.737,26.87,76.269,23.131,71.697,27.238,72.401,26.48,71.991,27.145
1,4101,73.424,25.68,79.262,18.705,79.917,18.646,79.3,18.873,80.26,18.058,80.446,17.749,82.468,16.204,80.057,18.638,79.606,18.263,80.923,18.469
0,4102,67.709,31.567,70.513,27.284,70.778,27.823,69.869,28.527,70.118,28.369,71.365,27.995,72.724,25.441,70.002,29.291,71.101,28.194,71.437,28.361
1,4103,74.718,24.645,82.043,16.127,84.43,14.557,83.443,14.746,85.571,12.92,82.556,15.972,85.057,13.797,82.842,15.813,83.246,15.499,84.466,14.924
1,4104,70.761,27.528,74.094,21.425,77.382,20.525,76.494,20.536,78.018,18.966,76.13,21.725,77.855,19.759,75.827,21.817,76.333,21.2,77.773,20.646
1,4105,72.662,26.372,77.385,20.345,79.381,19.433,76.767,21.339,78.961,19.323,78.136,19.937,79.529,18.852,76.679,21.968,77.275,21.082,77.759,21.592
0,4201,77.471,22.114,82.501,15.449,82.292,16.873,81.853,16.085,82.903,16.06,79.27,19.081,82.933,16.345,78.198,20.621,80.485,18.363,78.295,20.939
1,4202,81.82,17.821,85.416,13.468,85.697,13.601,86.014,12.277,86.55,12.169,82.82,15.716,85.802,13.419,83.27,15.056,83.074,15.748,83.498,15.575
1,4203,85.504,14.241,88.636,10.316,89.392,9.822,90.271,8.259,90.494,8.312,87.728,10.953,90.069,9.275,87.53,11.009,88.082,11.202,86.787,12.715
1,4204,78.672,20.958,83.101,14.734,83.345,15.602,83.73,14.877,84.427,14.421,81.67,16.609,84.689,14.546,79.287,18.798,81.935,16.672,80.093,18.471
1,4205,78.5,21.404,84.295,14.444,83.403,15.672,84.043,14.43,83.498,15.333,81.316,16.985,84.673,14.535,80.877,17.792,81.745,18.116,80.715,18.713
1,4206,77.543,22.045,82.809,16.034,81.98,17.117,82.336,16.202,82.733,16.138,79.817,18.586,83.046,16.235,78.298,20.605,80.137,18.744,80.38,18.713
1,4207,75.106,24.677,81.44,17.187,80.524,18.565,80.761,17.859,79.363,19.619,77.57,21.151,81.187,17.93,76.183,22.696,77.602,21.958,77.652,21.463
1,4208,76.995,22.485,82.434,16.357,81.242,18.122,80.53,17.9,80.299,18.58,78.311,19.663,81.697,17.599,75.556,23.207,78.08,20.315,78.046,20.851
0,4209,70.273,29.663,71.605,27.616,72.36,27.092,72.761,26.314,69.452,28.542,69.816,29.782,74.413,25.156,68.76,30.833,70.751,29.148,70.211,29.232
0,4210,76.287,22.702,79.519,18.316,78.613,19.73,78.883,19.016,78.413,19.543,76.656,21.45,79.573,18.964,74.519,23.63,77.302,21.275,76.196,22.235
0,4211,71.928,27.609,76.514,22.722,74.175,25.167,74.254,24.25,75.33,23.7,71.686,27.191,75.647,23.658,70.8,28.406,69.612,29.334,71.054,28.245
0,4212,73.527,26.012,76.895,22.076,75.088,24.417,74.427,23.897,75.251,23.786,71.72,27.348,75.659,23.559,71.552,27.335,72.327,26.269,73.606,25.355
0,4213,72.118,27.671,72.225,25.099,72.408,27.298,71.832,26.281,71.666,26.568,69.647,28.936,72.087,25.965,69.128,30.176,69.987,28.774,71.095,28.093
0,4214,71.46,28.424,74.647,24.584,73.212,26.053,73.779,25.273,72.855,26.488,71.817,27.618,74.98,24.531,69.527,30.263,72.778,27.163,71.329,28.248
0,4215,68.321,31.75,69.872,30.091,68.401,31.279,69.035,30.463,68.108,31.612,66.737,33.689,69.632,30.204,65.85,34.405,68.414,31.892,67.772,32
0,4216,74.341,25.176,77.041,21.771,73.77,24.234,75.066,22.515,75.914,23.105,75.027,23.646,77.376,21.69,72.647,26.457,74.742,24.009,74.876,24.268
1,4217,74.7,25.214,79.477,19.092,78.723,20.644,78.607,19.676,79.108,20.155,76.462,22.871,79.456,20.206,75.887,23.645,77.577,22.501,77.121,22.443
1,4218,79.863,19.822,84.613,14.286,84.136,15.06,84.793,13.547,85.226,13.587,82.136,16.51,85.169,14.169,81.969,16.636,82.73,16.437,82.61,16.654
1,4401,77.503,21.956,82.081,15.981,83.233,15.84,82.646,15.91,83.563,14.975,80.923,17.007,83.474,15.465,80.482,17.918,81.662,16.974,81.068,17.991
1,4402,74.545,24.923,77.904,19.792,79.857,18.962,79.162,19.404,79.634,18.821,78.329,19.766,80.785,17.971,76.785,21.846,78.25,20.812,77.856,21.26
1,4501,71.881,27.614,75.003,21.735,76.552,22.293,75.707,22.759,75.956,22.646,76.398,21.485,78.48,19.819,76.05,22.389,76.267,21.961,76.376,22.675
0,4502,73.195,26.189,75.346,22.682,76.981,22.204,75.04,23.482,75.794,22.782,75.06,22.924,75.625,22.596,73.192,25.587,74.738,23.457,73.95,25.322
0,4503,68.663,30.805,70.324,27.448,70.88,28.162,69.509,29.019,70.093,28.6,69.828,28.687,71.349,26.639,67.761,31.184,69.731,28.443,69.622,29.57
0,4504,69.649,29.82,69.418,28.209,71.244,27.389,70.135,28.383,69.626,28.987,71.236,27.619,71.542,25.435,70.178,28.703,71.318,27.122,70.046,29.393
0,4505,71.609,27.827,73.757,24.076,74.63,24.305,73.36,25.215,74.897,23.611,72.011,25.903,74.721,23.413,72.028,26.658,73.189,25.126,72.091,27.162
1,4506,75.818,23.945,75.914,22.817,79.99,19.414,77.821,21.441,77.184,21.301,75.695,22.91,78.459,20.436,76.819,22.028,76.862,22.39,77.274,21.94
0,4507,74.205,25.222,75.409,22.636,76.374,23.126,74.959,23.799,74.683,22.624,72.107,25.134,74.371,23.304,71.877,25.626,73.345,23.889,72.14,25.933
0,4600,70.156,29.808,74.263,25.27,74.709,25.108,74.5,25.263,73.782,25.989,70.65,27.961,73.581,24.581,70.454,27.782,72.827,26.641,70.897,27.888
0,4701,63.821,35.48,64.461,32.503,63.85,33.481,62.901,35.534,62.413,34.682,64.237,34.914,65.648,30.866,61.496,37.656,63.837,34.867,62.515,36.12
0,4702,68.868,30.216,73.036,24.504,72.522,26.258,71.59,26.627,73.196,25.517,72.045,25.707,73.723,24.339,68.983,29.764,70.969,25.832,69.023,29.583
0,4703,66.288,32.213,69.621,26.809,68.596,28.084,67.737,29.756,67.544,29.906,67.831,29.616,68.25,27.153,66.155,31.803,67.333,29.77,67.172,30.563
0,4704,69.405,29.709,71.876,24.344,71.449,27.359,70.419,26.786,71.525,27.209,70.003,28.09,72.141,24.988,68.506,29.951,69.9,27.97,68.291,30.1
1,4705,75.036,24.141,78.39,19.128,80.239,18.52,78.547,19.777,80.343,18.037,76.311,21.7,79.296,18.788,76.186,22.113,76.938,21.255,75.332,23.172
0,4706,67.709,31.545,68.466,29.015,69.179,29.826,68.328,30.244,69.173,29.782,67.92,30.543,70.029,28.011,66.82,31.921,68.42,29.88,67.689,30.721
0,4707,65.253,33.346,65.513,31.757,64.817,32.919,65.442,32.713,65.201,32.426,66.406,32.246,67.967,29.767,65.186,33.473,66.488,31.968,66.561,31.388
0,4708,68.736,30.568,72.118,24.204,72.143,26.455,70.175,28.383,69.607,29.15,70.742,27.804,71.296,26.304,67.032,31.998,70.485,28.303,68.23,30.485
1,4709,79.359,19.796,82.067,15.681,84.041,14.7,82.637,15.84,83.014,15.03,79.781,17.082,82.699,15.541,79.666,18.344,79.86,18.014,79.782,18.348
0,4801,68.397,31.893,65.108,34.672,63.682,36.16,63.663,36.23,62.411,37.571,62.448,38.343,66.807,33.347,64.084,36.236,63.985,36.287,64.158,35.874
0,4802,75.434,24.301,78.412,20.248,76.069,22.044,77.168,21.404,78.91,20.043,75.061,23.96,78.936,20.463,75.769,23.321,75.806,22.921,74.735,24.885
0,4803,75.689,23.978,80.418,18.414,78,21.079,78.29,19.475,80.38,18.717,77.317,21.39,81.017,18.6,77.152,22.116,77.362,21.384,77.393,22.173
0,4805,72.632,27.217,73.669,24.99,73.229,26.372,72.857,25.682,73.936,25.083,69.039,30.279,73.359,26.011,69.729,29.367,69.509,29.263,69.533,29.918
0,4806,73.213,26.64,74.448,24.048,74.275,24.65,74.133,24.526,73.618,25.46,72.718,26.663,76.149,23.037,70.748,28.853,72.497,26.874,71.91,27.79
1,4807,76.531,22.984,79.241,18.681,79.035,20.025,78.931,19.494,80.356,18.426,76.91,21.618,80.884,18.617,76.882,22.271,76.12,22.153,76.801,22.649
0,4808,68.653,31.337,69.443,29.568,66.459,32.734,64.613,33.352,64.785,34.838,67.213,32.937,70.566,28.923,63.64,36.806,66.305,33.577,66.092,34.084
1,4809,81.922,17.6,83.761,14.939,85.707,13.488,85.18,13.304,84.344,14.216,80.984,17.418,84.496,14.825,81.053,17.663,79.07,19.861,80.892,18.342
0,4810,73.122,26.948,77.516,21.762,75.568,23.821,75.906,23.166,75.852,23.506,72.709,27.419,76.097,23.001,74.298,25.394,74.003,25.197,74.484,25.405
0,4811,69.239,30.703,69.789,28.887,67.15,32.348,65.989,32.819,67.284,32.166,65.593,34.352,70.374,28.98,65.49,34.028,65.788,33.255,66.291,33.291
0,4812,70.899,29.002,71.189,25.133,69.466,29.33,69.59,29.103,68.417,30.89,69.162,30.897,72.295,26.706,67.433,32.407,68.151,32.017,67.786,32.271
0,4813,68.544,31.757,68.94,30.624,66.501,33.776,65.653,33.919,67.102,32.832,63.852,36.596,68.351,31.821,66.023,33.794,66.006,33.778,65.905,33.896
0,4814,73.624,26.176,73.513,25.561,71.109,28.181,70.837,27.225,73.331,25.841,69.508,29.903,74.443,25.267,70.745,28.666,69.725,29.412,68.995,30.708
1,4815,76.823,22.858,79.866,19.537,79.427,20.021,79.097,19.793,80.177,18.85,76.422,22.489,80.488,19.421,77.224,21.997,75.919,22.696,76.221,23.354
1,4816,79.977,19.655,84.938,14.35,83.987,15.47,83.654,15.259,84.741,14.256,79.641,19.067,84.903,14.998,81.496,17.444,79.878,18.058,80.928,18.401
0,4817,74.225,25.81,75.276,24.567,73.344,26.572,74.5,24.981,75.245,24.268,70.426,29.45,76.293,24.239,74.202,25.328,73.48,25.904,74.267,25.287
1,4818,80.91,18.63,83.48,15.404,83.88,15.255,83.289,15.273,83.034,15.541,79.678,18.756,84.003,15.512,79.752,19.091,78.935,19.646,80.339,18.875
0,4819,70.91,29.264,72.253,26.973,68.982,30.907,70.346,28.809,70.772,28.786,66.688,33.638,70.931,28.944,68.041,31.629,68.359,31.496,67.956,31.881
1,4820,78.341,21.333,81.283,17.531,79.114,19.727,79.172,19.493,80.809,18.094,77.5,21.833,81.375,17.985,77.476,21.699,77.474,21.724,76.405,23.385
0,4821,75.861,23.872,80.938,17.922,79.269,20.056,79.55,18.98,80.841,18.226,77.154,21.528,81.79,17.963,75.934,23.378,77.083,21.884,75.923,23.9
0,4822,74.68,25.297,76.335,21.991,76.622,22.664,76.937,22.337,76.89,22.5,75.52,23.776,79.817,20.213,75.286,24.529,76.349,23.28,75.497,24.396
0,4823,75.29,24.486,77.194,22.029,76.402,22.916,76.275,22.579,75.423,23.709,73.48,26.138,78.715,21.07,74.473,24.914,72.975,26.314,74.175,25.494
0,4824,75.913,23.899,80.022,18.63,79.02,20.24,78.263,18.932,79.531,19.535,76.196,22.513,80.002,19.434,75.886,23.282,76.986,21.949,75.546,24.001
0,4825,72.808,27.029,77.758,21.225,77.065,22.338,77.232,21.195,78.789,20.277,75.151,23.72,79.182,20.592,75.528,23.643,73.966,25.206,73.524,26.408
0,4826,74.347,25.464,79.047,19.654,77.333,22.007,76.678,21.14,78.33,20.854,74.43,24.819,78.458,21.023,74.572,24.698,75.484,23.669,74.134,25.607
0,4827,73.151,26.686,74.388,24.606,72.907,26.516,72.728,26.165,73.01,26.179,70.465,29.037,74.567,25.047,70.76,28.664,69.868,28.477,70.667,28.953
1,4828,75.507,24.305,77.702,21.926,77.639,21.768,77.391,21.722,77.817,21.321,74.417,25.154,78.151,21.789,74.908,24.79,73.876,25.53,74.072,25.851
1,4829,79.099,20.452,81.552,17.839,81.956,17.42,81.413,17.269,82.76,16.085,78.07,20.15,82.527,17.383,78.525,20.643,77.58,20.868,79.486,19.839
1,4830,80.923,18.593,83.282,15.524,83.776,15.236,83.1,14.748,83.609,14.955,80.438,17.823,83.944,15.421,78.796,19.347,79.436,18.218,79.592,19.736
0,4831,75.289,24.411,78.591,20.069,76.161,22.784,77.206,21.243,76.536,22.514,75.457,23.807,79.989,19.495,75.048,24.204,75.699,23.347,75.553,24.104
1,4832,75.217,24.488,79.319,19.291,78.229,20.828,78.219,20.203,79.2,19.621,75.652,23.049,79.772,19.594,75.883,23.169,75.571,23.002,75.579,23.912
1,4833,78.252,21.374,78.632,19.399,81.115,17.99,80.698,17.723,81.432,16.131,78.206,20.776,81.958,17.63,76.686,21.613,76.437,22.593,78.54,20.91
1,4834,79.408,20.061,82.268,17.162,81.787,17.837,81.216,17.687,82.985,16.028,77.822,20.447,82.161,17.876,78.339,20.716,77.423,20.551,78.123,21.125
1,4835,79.135,20.483,82.164,16.868,82.561,16.864,82.313,16.262,82.613,15.198,78.806,19.609,83.034,16.686,80.034,18.708,78.188,19.531,79.56,19.678
0,4836,67.838,32.387,66.174,33.735,63.419,35.307,65.712,34.082,63.971,34.25,63.285,37.166,65.773,34.354,62.788,37.864,64.548,35.372,65.142,34.765
0,4901,64.152,35.39,67.381,30.479,68.976,30.267,68.184,30.644,72.389,26.682,70.464,28.62,70.222,28.073,67.219,32.457,69.187,29.334,69.72,30.018
0,4902,63.805,36.091,64.541,35.105,67.615,31.882,66.018,33.523,68.104,31.347,67.883,32.279,71.869,27.142,68.922,30.911,67.632,32.161,70.709,29.094
0,4903,66.253,33.464,69.831,29.935,71.05,28.884,69.489,29.903,73.125,26.205,70.964,28.09,73.188,26.139,72.282,27.17,71.499,27.266,73.425,26.205
1,4904,68.546,30.739,72.368,26.259,74.476,24.724,73.496,24.961,76.117,22.627,74.12,24.088,76.965,21.614,74.53,24.123,73.65,23.825,74.614,24.626
1,5000,75.543,23.984,78.232,19.28,78.969,19.384,78.704,19.579,79.423,18.261,78.403,19.849,81.359,18.239,77.061,21.736,79.257,19.561,78.385,20.755
0,5101,71.722,27.683,75.336,22.766,75.114,23.654,73.48,24.953,72.094,25.127,74.6,24.229,76.543,21.738,72.796,26.237,74.662,23.956,74.806,24.653
1,5102,73.798,24.687,76.84,20.337,77.562,20.512,76.599,20.865,77.814,19.511,76.694,20.729,78.48,19.329,75.549,22.178,75.908,21.281,76.444,21.914
1,5103,77.687,21.608,80.821,17.133,83.076,15.876,81.856,16.538,81.686,16.602,80.536,17.084,82.537,15.909,77.611,20.864,80.219,17.687,79.845,19.109
1,5104,75.481,24.042,78.683,19.599,80.576,18.546,79.466,19.29,78.615,18.554,77.901,20.106,79.971,18.672,77.131,21.481,78.499,20.028,78.668,20.413
0,5105,72.746,26.816,75.07,23.345,76.181,23.195,75.301,23.532,75.959,22.839,74.482,23.682,75.918,22.757,74.424,24.247,74.404,24.415,74.394,24.891
0,5106,70.508,28.907,72.438,25.125,73.029,25.826,71.081,27.259,70.817,27.791,71.495,27.203,73.604,24.293,70.813,27.742,72.258,26.146,71.673,27.566
1,5107,74.245,25.129,78.685,19.196,79.439,19.594,78.532,19.954,79.336,19.248,77.465,20.391,80.008,18.441,76.832,21.555,77.353,20.25,77.46,21.597
1,5108,77.275,22.414,84.079,14.53,85.457,13.687,85.564,12.981,86.403,12.366,84.097,14.41,85.997,12.904,84.425,14.308,84.252,14.812,84.72,14.828
0,5109,64.804,34.849,64.695,32.139,65.223,33.483,65.336,33.412,63.356,35.777,66.496,32.387,68.658,29.354,63.949,34.477,66.712,31.555,64.449,35.5
1,5110,74.767,24.661,80.028,18.181,80.203,18.641,79.864,17.952,81.434,17.253,78.844,19.057,82.191,16.505,80.187,18.446,80.101,18.474,79.137,20.309
1,5111,78.948,19.742,83.848,13.822,85.086,13.417,84.709,13.205,86.017,11.792,83.029,14.395,85.149,13.209,83.5,14.327,83.28,14.375,83.473,15.065
1,5301,74.959,23.939,80.727,17.574,79.324,18.546,78.654,19.469,81.299,17.059,79.182,19.528,81.21,17.423,78.457,20.715,77.165,20.91,78.913,20.668
1,5302,72.986,25.347,78.593,18.598,79.881,18.084,78.365,18.989,80.71,15.636,79.393,18.4,80.556,16.886,78.658,19.446,77.827,19.197,78.043,20.682
0,5303,67.851,31.293,71.107,27.123,72.698,25.913,71.647,26.808,72.729,25.631,73.293,25.726,74.739,23.832,72.04,27.564,71.466,27.636,73.667,25.931
0,5304,69.984,29.273,70.708,25.814,71.308,27.428,69.974,28.577,68.445,30.099,71.48,27.625,74.364,23.814,72.466,26.297,72.699,25.669,72.967,26.097
0,5305,68.218,30.076,70.86,25.971,71.946,25.526,72.102,25.039,73.182,23.845,74.81,23.33,76.268,21.511,72.474,25.928,73.534,24.135,73.115,25.694
1,5306,73.35,25.549,77.741,20.183,79.889,18.893,78.946,18.967,81.313,16.892,78.599,19.661,80.441,17.55,78.578,20.138,77.382,20.661,79.576,19.583
1,5307,77.314,22.161,86.386,11.638,88.408,10.818,87.981,9.946,90.119,8.652,87.117,11.388,88.659,10.172,88.256,10.542,87.565,11.317,88.258,11.248
1,5308,73.364,25.595,77.242,20.588,79.371,19.406,78.463,19.631,80.314,17.985,78.609,19.579,80.392,18.141,77.133,21.772,77.266,21.04,78.865,20.332
1,5309,77.136,21.909,83.078,15.087,84.985,13.89,84.437,13.673,86.437,11.855,83.616,14.555,85.546,13.261,83.309,15.419,82.943,15.24,84.39,14.801
1,5310,73.245,25.519,77.111,20.907,78.325,20.209,77.111,20.883,79.141,17.88,78.151,19.995,79.801,18.673,76.622,22.381,74.805,23.328,78.028,21.136
0,5401,66.541,33.141,65.866,33.514,67.767,31.953,67.112,32.313,68.163,31.183,67.542,31.861,69.248,30.028,68.128,31.685,68.369,30.77,68.902,30.934
0,5402,68.319,31.136,69.913,29.009,70.511,29.04,69.569,29.343,71.224,27.786,69.794,28.944,71.603,27.414,69.905,29.419,70.056,28.365,71.668,27.746
0,5403,65.299,34.109,65.844,33.248,66.316,33.203,65.13,33.827,66.959,32.078,66.505,32.52,68.041,30.909,66.114,33.566,65.957,32.301,68.453,31.005
0,5501,74.704,25.064,76.351,20.196,78.473,20.928,77.205,20.977,78.795,20.119,74.81,22.465,78.178,20.854,75.256,23.129,77.54,21.376,75.436,23.306
1,5502,77.24,22.543,81.495,16.932,81.439,16.731,82.305,16.407,81.434,17.358,79.528,19.04,82.229,16.621,79.056,19.616,81.288,18.347,80.459,18.647
1,5503,71.921,27.975,73.978,24.548,75.296,23.879,74.216,24.761,74.089,23.7,72.916,25.765,75.197,23.637,70.312,28.819,74.413,25.234,74.704,24.183
1,5504,78.081,21.65,81.281,16.975,82.074,15.955,82.413,16.095,81.226,15.309,79.788,18.949,81.815,16.607,77.631,21.025,80.204,19.345,77.918,21.378
0,5505,71.198,28.737,74.623,23.263,72.724,25.77,72.758,25.23,71.085,27.908,73.539,24.54,76.493,21.953,69.929,28.134,74.894,25.119,72.138,27.117
0,5506,74.703,25.026,75.522,23.16,74.876,23.686,75.466,23.694,76.932,22.181,73.451,24.843,76.543,22.608,73.16,25.584,76.054,23.077,75.088,23.727
0,5507,70.235,29.795,68.237,30.663,69.687,28.681,69.703,29.701,68.849,29.201,69.612,29.633,70.888,28.042,67.312,32.196,71.455,28.661,69.538,28.906
0,5508,74.081,25.625,76.991,20.313,77.743,21.554,77.358,21.433,78.206,20.677,74.441,23.482,76.977,21.748,73.675,24.695,76.859,21.844,74.654,24.05
0,5600,66.129,35.263,69.036,31.227,72.71,29.756,72.359,28.63,71.153,31.252,68.774,31.999,72.543,26.295,69.374,31.025,68.864,32.493,69.227,31.024